{
  "n_features": 85,
  "min": [
    10.34000015258789,
    10.289999961853027,
    10.569999694824219,
    10.25,
    51750.0,
    0.0,
    -484.4710998535156,
    -474.5311584472656,
    11.093056678771973,
    8.173744201660156,
    -0.4424183666706085,
    0.27860355377197266,
    110683.796875,
    0.0821479931473732,
    0.0002726671809796244,
    -9.041857719421387,
    0.01174604520201683,
    0.004033651202917099,
    -2.5483007431030273,
    0.0015601798659190536,
    -708.231201171875,
    -0.2589636743068695,
    -0.02096954919397831,
    0.07457106560468674,
    -0.12826044857501984,
    -0.3541884124279022,
    0.0,
    10.390000343322754,
    10.34000015258789,
    10.34000015258789,
    10.34000015258789,
    10.34000015258789,
    10.34000015258789,
    10.4399995803833,
    10.34000015258789,
    10.34000015258789,
    10.510000228881836,
    10.510000228881836,
    10.539999961853027,
    10.510000228881836,
    10.510000228881836,
    10.539999961853027,
    10.550000190734863,
    10.739999771118164,
    10.710000038146973,
    10.710000038146973,
    10.739999771118164,
    0.0,
    0.0,
    1.0,
    1.0,
    1.0,
    1.0,
    0.0,
    0.0,
    0.0,
    0.0,
    0.0,
    2021.0,
    1.0,
    1.0,
    -465.0,
    -905.0,
    -795.0,
    -755.0,
    -585.0,
    -785.0,
    -840.0,
    -985.0,
    -985.0,
    -826.5,
    -1266.5,
    -1222.0,
    -1169.5,
    -1231.0,
    -1145.0,
    -1323.0,
    -1225.0,
    -1346.0,
    -1445.0,
    -1525.0,
    1.0,
    1.0,
    1.0,
    1.0
  ],
  "max": [
    2590.0,
    2770.0,
    2780.0,
    2495.0,
    213942896.0,
    98.99385070800781,
    79.10711669921875,
    62.22946548461914,
    3882.697509765625,
    2191.302490234375,
    1.4861928224563599,
    318.21429443359375,
    138393584.0,
    5.442260265350342,
    0.3123302161693573,
    -0.010299529880285263,
    2.8900766372680664,
    0.9375423789024353,
    3.6087265014648438,
    1.781999945640564,
    124.11271667480469,
    0.8462181687355042,
    0.07212517410516739,
    0.24790601432323456,
    1.278551697731018,
    1.4492467641830444,
    1.0,
    3030.0,
    3030.0,
    3030.0,
    3030.0,
    3030.0,
    3030.0,
    3030.0,
    3055.0,
    3055.0,
    3140.0,
    3280.0,
    3280.0,
    3280.0,
    3360.0,
    3570.0,
    3570.0,
    3570.0,
    3570.0,
    3870.0,
    3950.0,
    19.0,
    6.0,
    31.0,
    12.0,
    4.0,
    365.0,
    1.0,
    1.0,
    1.0,
    1.0,
    1.0,
    2025.0,
    12.0,
    31.0,
    314.5,
    398.0,
    430.0,
    560.0,
    404.5,
    404.5,
    387.0,
    415.0,
    380.5,
    426.0,
    418.5,
    424.0,
    427.5,
    413.0,
    405.5,
    417.0,
    503.0,
    483.5,
    446.0,
    428.0,
    1.0,
    1.0,
    1.0,
    1.0
  ],
  "range": [
    2579.659912109375,
    2759.7099609375,
    2769.429931640625,
    2484.75,
    213891152.0,
    98.99385070800781,
    563.5782470703125,
    536.7606201171875,
    3871.6044921875,
    2183.128662109375,
    1.928611159324646,
    317.9356994628906,
    138282896.0,
    5.360112190246582,
    0.3120575547218323,
    9.0315580368042,
    2.878330707550049,
    0.9335087537765503,
    6.157027244567871,
    1.7804397344589233,
    832.3439331054688,
    1.1051818132400513,
    0.09309472143650055,
    0.17333495616912842,
    1.4068121910095215,
    1.803435206413269,
    1.0,
    3019.610107421875,
    3019.659912109375,
    3019.659912109375,
    3019.659912109375,
    3019.659912109375,
    3019.659912109375,
    3019.56005859375,
    3044.659912109375,
    3044.659912109375,
    3129.489990234375,
    3269.489990234375,
    3269.4599609375,
    3269.489990234375,
    3349.489990234375,
    3559.4599609375,
    3559.449951171875,
    3559.260009765625,
    3559.2900390625,
    3859.2900390625,
    3939.260009765625,
    19.0,
    6.0,
    30.0,
    11.0,
    3.0,
    364.0,
    1.0,
    1.0,
    1.0,
    1.0,
    1.0,
    4.0,
    11.0,
    30.0,
    779.5,
    1303.0,
    1225.0,
    1315.0,
    989.5,
    1189.5,
    1227.0,
    1400.0,
    1365.5,
    1252.5,
    1685.0,
    1646.0,
    1597.0,
    1644.0,
    1550.5,
    1740.0,
    1728.0,
    1829.5,
    1891.0,
    1953.0,
    1.0,
    1.0,
    1.0,
    1.0
  ]
}