{
  "training_date": "2025-11-12T02:15:10.723717",
  "train_samples": 17000,
  "val_samples": 3640,
  "test_samples": 3660,
  "features": 17,
  "epochs_trained": 33,
  "best_val_loss": 0.0030956624541431665,
  "test_rmse_1d": 0.02337695099413395,
  "test_rmse_5d": 0.04995269700884819,
  "test_rmse_20d": 0.08723143488168716,
  "test_acc_1d": 0.5341530054644809,
  "test_acc_5d": 0.5762295081967214,
  "test_acc_20d": 0.5989071038251366,
  "profitable": false,
  "training_time_minutes": 0.029732954502105714
}