{
  "model_type": "price_predictor_cpp_85feat",
  "input_features": 85,
  "output_targets": 3,
  "architecture": "MLP (256-128-64-32)",
  "trained_on": "2025-11-14T16:20:56.439177",
  "training_time_seconds": 16.693506002426147,
  "epochs_trained": 100,
  "best_val_loss": 0.0006789410443794306,
  "test_loss": 0.0006912248652003219,
  "test_rmse": 0.026291155645964327,
  "test_accuracy": 0.23022405121170553,
  "scaler_params": {
    "min": [
      25.752899169921875,
      26.283891677856445,
      26.357133865356445,
      25.734590530395508,
      1245100.0,
      3.8547799587249756,
      -17.7081241607666,
      -13.199858665466309,
      26.629913330078125,
      24.80145263671875,
      -0.4285246431827545,
      0.27495336532592773,
      6828775.0,
      0.14234575629234314,
      0.015282198786735535,
      -0.173643097281456,
      0.029441162943840027,
      0.010410740971565247,
      0.0,
      0.0,
      0.0,
      0.0,
      0.0,
      0.027495337650179863,
      0.0,
      0.0,
      0.5,
      52.97999954223633,
      53.66999816894531,
      53.209999084472656,
      52.970001220703125,
      52.779998779296875,
      52.40999984741211,
      52.599998474121094,
      52.41999816894531,
      52.150001525878906,
      52.369998931884766,
      52.22999954223633,
      52.09000015258789,
      52.9900016784668,
      53.33000183105469,
      53.11000061035156,
      52.540000915527344,
      52.43000030517578,
      52.72999954223633,
      52.790000915527344,
      52.18000030517578,
      0.0,
      0.0,
      1.0,
      1.0,
      1.0,
      1.0,
      0.0,
      1.0,
      1.0,
      1.0,
      0.0,
      2020.0,
      1.0,
      1.0,
      -12.67999267578125,
      -13.16998291015625,
      -14.8299560546875,
      -14.8299560546875,
      -4.82000732421875,
      -8.5,
      -14.8800048828125,
      -15.32000732421875,
      -23.67999267578125,
      -23.67999267578125,
      -20.66998291015625,
      -17.64996337890625,
      -27.3699951171875,
      -24.51995849609375,
      -19.69000244140625,
      -19.69000244140625,
      -12.639999389648438,
      -9.6300048828125,
      -6.5500030517578125,
      -10.20001220703125,
      -0.17309044301509857,
      0.0,
      -0.06661190837621689,
      -0.08154485374689102
    ],
    "max": [
      673.1099853515625,
      672.5399780273438,
      673.9500122070312,
      669.4600219726562,
      256611392.0,
      98.99385070800781,
      14.661946296691895,
      12.198596000671387,
      675.3645629882812,
      654.07958984375,
      1.4177124500274658,
      24.22744369506836,
      74366584.0,
      4.848427772521973,
      0.10000000149011612,
      -0.010088713839650154,
      0.7697702646255493,
      0.2746431529521942,
      0.0,
      0.0,
      0.0,
      0.0,
      0.0,
      0.5189691185951233,
      0.0,
      0.0,
      0.5,
      672.0399780273438,
      683.3800048828125,
      683.0,
      681.4400024414062,
      681.4400024414062,
      670.969970703125,
      670.3099975585938,
      677.5800170898438,
      675.239990234375,
      683.3400268554688,
      683.3400268554688,
      682.0599975585938,
      679.8300170898438,
      687.3900146484375,
      687.0599975585938,
      685.239990234375,
      685.239990234375,
      677.25,
      671.760009765625,
      667.7999877929688,
      3.0,
      6.0,
      31.0,
      12.0,
      4.0,
      365.0,
      0.0,
      1.0,
      1.0,
      1.0,
      0.0,
      2025.0,
      12.0,
      31.0,
      0.23000335693359375,
      2.0600128173828125,
      5.4600067138671875,
      6.600006103515625,
      6.8000030517578125,
      7.0800018310546875,
      7.6399993896484375,
      8.290008544921875,
      8.490005493164062,
      8.44000244140625,
      8.760009765625,
      7.290008544921875,
      6.3700103759765625,
      6.7100067138671875,
      6.70001220703125,
      6.779998779296875,
      7.6100006103515625,
      7.95001220703125,
      9.470001220703125,
      10.419998168945312,
      0.0,
      0.14227594435214996,
      0.09961986541748047,
      0.0469742976129055
    ],
    "scale": [
      0.0015447426121681929,
      0.0015473741805180907,
      0.0015441799769178033,
      0.0015534574631601572,
      3.915943569410274e-09,
      0.010510928928852081,
      0.030892733484506607,
      0.03937247395515442,
      0.0015414623776450753,
      0.001589122461155057,
      0.5416422486305237,
      0.04174931347370148,
      1.480652134233651e-08,
      0.2124909907579422,
      11.80389404296875,
      6.1141743659973145,
      1.3507506847381592,
      3.7845473289489746,
      1.0,
      1.0,
      1.0,
      1.0,
      1.0,
      2.034696578979492,
      1.0,
      1.0,
      1.0,
      0.0016153523465618491,
      0.0015880325809121132,
      0.001587830949574709,
      0.0015911658992990851,
      0.0015906848711892962,
      0.00161665806081146,
      0.001618882641196251,
      0.001599590410478413,
      0.0016049046535044909,
      0.0015848613111302257,
      0.0015845097368583083,
      0.0015873772790655494,
      0.0015953034162521362,
      0.0015771378530189395,
      0.0015774114290252328,
      0.0015805278671905398,
      0.0015802531270310283,
      0.0016012296546250582,
      0.001615587156265974,
      0.0016243787249550223,
      0.3333333432674408,
      0.1666666716337204,
      0.03333333507180214,
      0.09090909361839294,
      0.3333333432674408,
      0.002747252816334367,
      1.0,
      1.0,
      1.0,
      1.0,
      1.0,
      0.20000000298023224,
      0.09090909361839294,
      0.03333333507180214,
      0.07745935767889023,
      0.06565990298986435,
      0.04928545281291008,
      0.046663638204336166,
      0.08605844527482986,
      0.06418484449386597,
      0.04440496489405632,
      0.04235490411520004,
      0.03108486346900463,
      0.03113325498998165,
      0.03397894278168678,
      0.04009627550840378,
      0.02963840588927269,
      0.03202052786946297,
      0.03789312019944191,
      0.037778615951538086,
      0.04938271641731262,
      0.056882765144109726,
      0.06242195516824722,
      0.04849658161401749,
      5.777326583862305,
      7.028594970703125,
      6.015697002410889,
      7.780941963195801
    ],
    "range": [
      0,
      1
    ]
  },
  "features_extracted_by": "C++ feature_extractor.cppm via Python bindings",
  "data_source": "models/training_data/features_cpp_85.parquet"
}