{
  "mean": [
    51.49374000599522,
    -2.5272529094882397,
    -2.5546166482719856,
    213.93105880179894,
    179.73140204162314,
    0.5231092683520775,
    7.505352126453519,
    19448511.394803055,
    1.0158857473825356,
    9.500235155790712,
    -1.0,
    0.0,
    21.0,
    0.0,
    2.3074661963550853,
    15.82010582010582,
    6.216343327454439,
    2.407995296884186,
    173.75955320399765,
    0.0,
    0.038700000000000005,
    0.039200000000000006,
    0.0355,
    0.0367,
    0.041100000000000005,
    0.005600000000000007,
    0.0,
    0.0,
    0.0,
    0.5227744951169677,
    0.06611602836329439,
    -0.10231217347443551,
    0.22056666672205677,
    0.0796636340908623,
    0.25,
    0.0,
    0.014767832577529692,
    0.04202997190813977,
    0.13069362377924193,
    -2.6503573108737357,
    0.002278348876854779,
    0.0,
    -1.2890445887972636e-06,
    0.12269949912225314,
    0.3162069288280477,
    0.5069370958259847,
    0.029512051734273955,
    0.5203997648442092,
    0.5206349206349207,
    -1.9554069149014928e-06,
    0.5200470311581422,
    0.4270429159318048,
    0.5068870319046686,
    1.000400943666769,
    1.0007881376765153,
    1.0011463485677083,
    1.0014886377268672,
    1.0018405703326707,
    1.002195802549773,
    1.0025547863185986
  ],
  "scale": [
    16.74851601539531,
    24.772429612585295,
    23.94474761564473,
    468.89783304562883,
    327.37020026465376,
    0.3267146692143957,
    34.92826572383432,
    21750891.015634622,
    0.3788795415857634,
    5.766495389793025,
    1.0,
    1.0,
    1.0,
    1.0,
    2.0140884125655893,
    8.74422467944037,
    3.5375192049673037,
    1.142120531563922,
    108.11254031818332,
    1.0,
    1.0,
    1.0,
    1.0,
    1.0,
    1.0,
    1.0,
    1.0,
    1.0,
    1.0,
    1.0317909035168778e-07,
    0.05899108674436792,
    0.1987781847835025,
    0.42853005587250254,
    0.15477525623556793,
    1.0,
    1.0,
    0.3838796652099301,
    0.1955982880534725,
    2.5794772587921946e-08,
    25.812782344521302,
    0.014658373610681707,
    1.0,
    0.0030019248397431765,
    0.11096264477851148,
    0.24651549730874786,
    0.4999518743854264,
    1.1128474515067495,
    0.49958367626885186,
    0.49957401859022904,
    0.0340198013604714,
    0.4995979549014833,
    0.49464862668794135,
    0.1585032444286748,
    0.02017889061779434,
    0.028452313373402288,
    0.033988506960442984,
    0.03850924709453728,
    0.042576481966539126,
    0.04644145116778408,
    0.05008541757062292
  ],
  "var": [
    280.5127887179532,
    613.6732689104929,
    573.350938376924,
    219865.17783488642,
    107171.2480213195,
    0.10674247507987199,
    1219.9837464747795,
    473101259974015.0,
    0.14354970703223824,
    33.25246908050422,
    0.0,
    0.0,
    0.0,
    0.0,
    4.056552133630976,
    76.46146524453403,
    12.514042125512503,
    1.304439308619856,
    11688.321374050814,
    0.0,
    0.0,
    0.0,
    0.0,
    0.0,
    0.0,
    0.0,
    0.0,
    0.0,
    0.0,
    1.0645924685801752e-14,
    0.00347994831528154,
    0.03951276674582427,
    0.18363800878609013,
    0.02395537994278571,
    0.0,
    0.0,
    0.14736359736168803,
    0.038258690289449206,
    6.653702928626095e-16,
    666.2997323656307,
    0.00021486791691032985,
    0.0,
    9.011552743467097e-06,
    0.01231270853624212,
    0.06076989041337927,
    0.24995187670150118,
    1.2384294503250672,
    0.24958384959430097,
    0.24957420005039052,
    0.0011573468846059315,
    0.24959811654174452,
    0.24467726388426636,
    0.025123278494416233,
    0.00040718762656490845,
    0.0008095341362982867,
    0.0011552186054000814,
    0.0014829621117881278,
    0.0018127568166470317,
    0.0021568083865696735,
    0.0025085490532236626
  ],
  "n_features": 60,
  "feature_names": [
    "rsi_14",
    "macd",
    "macd_signal",
    "bb_upper",
    "bb_lower",
    "bb_position",
    "atr_14",
    "volume_sma20",
    "volume_ratio",
    "symbol_encoded",
    "sector_encoded",
    "is_option",
    "hour_of_day",
    "minute_of_hour",
    "day_of_week",
    "day_of_month",
    "month_of_year",
    "quarter",
    "day_of_year",
    "is_market_open",
    "fed_funds_rate",
    "treasury_3mo",
    "treasury_2yr",
    "treasury_5yr",
    "treasury_10yr",
    "yield_curve_slope",
    "yield_curve_inversion",
    "avg_sentiment",
    "news_count",
    "delta",
    "gamma",
    "theta",
    "vega",
    "rho",
    "implied_volatility",
    "sentiment_momentum",
    "volume_rsi_signal",
    "yield_volatility",
    "delta_iv",
    "macd_volume",
    "bb_momentum",
    "sentiment_strength",
    "rate_return",
    "gamma_volatility",
    "rsi_bb_signal",
    "price_direction",
    "trend_strength",
    "price_above_ma5",
    "price_above_ma20",
    "momentum_3d",
    "macd_signal_direction",
    "volume_trend",
    "recent_win_rate",
    "price_lag_1d",
    "price_lag_2d",
    "price_lag_3d",
    "price_lag_4d",
    "price_lag_5d",
    "price_lag_6d",
    "price_lag_7d"
  ]
}